[{"@type":"mappingTemplate","id":"@1","name":"Mapping_RESTV2","description":"","autoExpireObject":false,"bundleVersion":"0","assetFrsGuid":"i1ZlTEKabSmhtpwisjWE4E","templateId":"@3","hasParameters":false,"valid":true,"fixedConnection":true,"hasParametersDeployed":false,"fixedConnectionDeployed":false,"isSchemaValidationEnabled":false,"tasks":0,"mappingPreviewFileRecordId":"@2","documentType":"MAPPING","allowMaxFieldLength":false,"specialCharacterSupport":false,"references":[{"@type":"reference","refObjectId":"@0J3bznQcDAFc3lGyXvTTMg","refType":"connection"},{"@type":"reference","refObjectId":"@aBbgKSa8Lb1cqWOsRLSqgu","refType":"connection"}]}]